{
  "depth": 8,
  "n_trees": 5,
  "avg_S_mi_matrix": {
    "1": 0.0,
    "2": 0.47929506597846033,
    "3": 0.9559180703412267,
    "4": 1.1413234041070304,
    "5": 1.4134611389684992,
    "6": 1.560795660081364,
    "7": 1.7478057368976798,
    "8": 1.829150919505133,
    "10": 2.007504677892862,
    "12": 2.178892703581057,
    "16": 2.482742961671351,
    "20": 2.696917499296597,
    "24": 2.8670831542072177,
    "32": 3.1526133939554546
  },
  "method1_c": 2.8360221792494453,
  "method1_r2": 0.9985561464104922,
  "S_bond_calibrated": 0.47929506597846033
}