{
  "depth": 10,
  "n_trees": 20,
  "n_pairs": 523776,
  "alpha": 2.087839316998549,
  "A": 2.300059865159401,
  "monotone": true,
  "summary": {
    "2": {
      "mean": 0.6951674167459999,
      "std": 0.1668825430771623,
      "n": 5120,
      "median": 0.7007256230048686
    },
    "4": {
      "mean": 0.010470936699863183,
      "std": 0.02075273312586723,
      "n": 10240,
      "median": 0.0030127425576786937
    },
    "6": {
      "mean": 0.00017368241668334932,
      "std": 0.000811476253562655,
      "n": 20480,
      "median": 5.3745288539630565e-06
    },
    "8": {
      "mean": 2.497523664629862e-06,
      "std": 2.068274619309294e-05,
      "n": 40960,
      "median": 1.0376646542020751e-08
    },
    "10": {
      "mean": 3.854396820696798e-08,
      "std": 6.144528937784868e-07,
      "n": 81920,
      "median": 1.5441314893394065e-11
    },
    "12": {
      "mean": 1.1026789493871343e-09,
      "std": 3.707983809353621e-08,
      "n": 163840,
      "median": 1e-12
    },
    "14": {
      "mean": 1.6282836604495407e-11,
      "std": 5.912055818803927e-10,
      "n": 327680,
      "median": 1e-12
    },
    "16": {
      "mean": 1.2334509141013593e-12,
      "std": 1.4394179855587867e-11,
      "n": 655360,
      "median": 1e-12
    },
    "18": {
      "mean": 1.0013381888103769e-12,
      "std": 1.9283696423022415e-13,
      "n": 1310720,
      "median": 1e-12
    },
    "20": {
      "mean": 1.0000059665683772e-12,
      "std": 3.7508591070131814e-15,
      "n": 2621440,
      "median": 1e-12
    }
  },
  "alpha_fit_bins": [
    2,
    4,
    6,
    8,
    10
  ]
}