{
  "depth": 8,
  "n_trees": 20,
  "n_pairs": 32640,
  "alpha": 1.963790497497101,
  "A": 28.629220221673524,
  "monotone": true,
  "summary": {
    "2": {
      "mean": 0.702747311751836,
      "std": 0.16302413834502028,
      "n": 2560,
      "median": 0.711143327569297
    },
    "4": {
      "mean": 0.010229760905753902,
      "std": 0.020152443810996894,
      "n": 5120,
      "median": 0.0026121704152310965
    },
    "6": {
      "mean": 0.00019033451884782523,
      "std": 0.0008235134774939056,
      "n": 10240,
      "median": 5.750087971989615e-06
    },
    "8": {
      "mean": 5.124798037186303e-06,
      "std": 6.205869101593404e-05,
      "n": 20480,
      "median": 9.710599324641578e-09
    },
    "10": {
      "mean": 9.295222508644211e-08,
      "std": 2.1134108819618084e-06,
      "n": 40960,
      "median": 1.7945755992343493e-11
    },
    "12": {
      "mean": 9.232858516508505e-10,
      "std": 2.1173704392111705e-08,
      "n": 81920,
      "median": 1e-12
    },
    "14": {
      "mean": 2.2312463695717107e-11,
      "std": 1.9217181088874594e-09,
      "n": 163840,
      "median": 1e-12
    },
    "16": {
      "mean": 1.1922455675499562e-12,
      "std": 9.15465093615523e-12,
      "n": 327680,
      "median": 1e-12
    }
  },
  "alpha_fit_bins": [
    2,
    4,
    6,
    8,
    10
  ]
}