{
  "8": {
    "log_simple": {
      "a": 0.6184198818572588,
      "r2": 0.9486133064741055,
      "ordinary_pct": 0.3,
      "ultra_pct": 0.0,
      "d_predicted": [
        0.21815249545900287,
        2.833880705305118,
        5.297834551789509,
        7.5332319716154235,
        10.0129477368495
      ],
      "dG_actual": [
        2.0,
        4.0,
        6.0,
        8.0,
        10.0
      ],
      "residuals": [
        1.7818475045409972,
        1.166119294694882,
        0.7021654482104909,
        0.46676802838457654,
        -0.012947736849499236
      ]
    },
    "log_intercept": {
      "a": 0.5046527807291615,
      "c": 1.8294576286482942,
      "r2": 0.999543105979954,
      "ordinary_pct": 0.5,
      "ultra_pct": 0.0
    }
  },
  "10": {
    "log_simple": {
      "a": 0.5863671657279973,
      "r2": 0.9497612609428906,
      "ordinary_pct": 0.3,
      "ultra_pct": 0.0,
      "d_predicted": [
        0.2132046113668997,
        2.6733369149710744,
        5.0769323455559565,
        7.564260074077292,
        10.01014725985296
      ],
      "dG_actual": [
        2.0,
        4.0,
        6.0,
        8.0,
        10.0
      ],
      "residuals": [
        1.7867953886331003,
        1.3266630850289256,
        0.9230676544440435,
        0.43573992592270816,
        -0.010147259852960389
      ]
    },
    "log_intercept": {
      "a": 0.4790912736134006,
      "c": 1.8211861339498014,
      "r2": 0.9999938635042889,
      "ordinary_pct": 0.4,
      "ultra_pct": 0.0
    }
  }
}